learner_id,learner_name,email,phone_number,city,registration_date,subscription_type
LRN0001,Ananya Sharma,ananya.sharma.1@gmail.com,9433218196,Mumbai,2022-04-06,Free
LRN0002,Sachin Pillai,sachin.pillai.2@gmail.com,9083863794,Indore,2022-06-13,Premium
LRN0003,Suresh Mishra,suresh.mishra.3@rediffmail.com,9235116155,Chennai,2022-02-14,Premium
LRN0004,Vijay Kumar,vijay.kumar.4@gmail.com,9618495931,Surat,2022-08-22,Premium
LRN0005,Priya Chatterjee,priya.chatterjee.5@yahoo.com,9316475255,Surat,2022-10-01,Premium
LRN0006,Karan Pillai,karan.pillai.6@outlook.com,9283276483,Bhopal,2022-02-27,Free
LRN0007,Aditya Bose,aditya.bose.7@hotmail.com,9564139537,Surat,2023-04-15,Free
LRN0008,Divya Yadav,divya.yadav.8@yahoo.com,9884969653,Jaipur,2023-05-21,Free
LRN0009,Rohan Chatterjee,rohan.chatterjee.9@hotmail.com,9122691669,Jaipur,2022-09-15,Enterprise
LRN0010,Aarav Desai,aarav.desai.10@gmail.com,9184514627,Chandigarh,2022-09-27,Enterprise
LRN0011,Arjun Iyer,arjun.iyer.11@rediffmail.com,9148932528,Mumbai,2023-09-06,Basic
LRN0012,Vivaan Kumar,vivaan.kumar.12@gmail.com,9543039117,Indore,2023-06-30,Premium
LRN0013,Divya Desai,divya.desai.13@yahoo.com,9782489638,Chandigarh,2022-11-16,Basic
LRN0014,Manish Verma,manish.verma.14@rediffmail.com,9871331509,Hyderabad,2023-08-26,Free
LRN0015,Karan Jain,karan.jain.15@hotmail.com,9031051834,Hyderabad,2023-07-07,Free
LRN0016,Nisha Rao,nisha.rao.16@hotmail.com,9737631165,Pune,2023-04-24,Premium
LRN0017,Rohan Desai,rohan.desai.17@hotmail.com,9106513338,Bengaluru,2023-03-09,Free
LRN0018,Shalini Yadav,shalini.yadav.18@yahoo.com,9178108013,Pune,2023-05-13,Basic
LRN0019,Sunita Banerjee,sunita.banerjee.19@rediffmail.com,9026064746,Surat,2023-05-14,Free
LRN0020,Megha Mehta,megha.mehta.20@rediffmail.com,9098050097,Bhopal,2023-06-28,Free
LRN0021,Sachin Singh,sachin.singh.21@rediffmail.com,9219136193,Lucknow,2022-02-10,Basic
LRN0022,Geeta Desai,geeta.desai.22@hotmail.com,9998543534,Bengaluru,2023-11-19,Basic
LRN0023,Shalini Tiwari,shalini.tiwari.23@rediffmail.com,9107991183,Chennai,2022-05-16,Enterprise
LRN0024,Karan Banerjee,karan.banerjee.24@gmail.com,9354278498,Surat,2023-07-22,Free
LRN0025,Sneha Banerjee,sneha.banerjee.25@yahoo.com,9241182449,Chandigarh,2022-12-18,Free
LRN0026,Kavya Iyer,kavya.iyer.26@yahoo.com,9740164005,Surat,2022-09-26,Free
LRN0027,Anita Reddy,anita.reddy.27@rediffmail.com,9680112805,Jaipur,2022-06-01,Basic
LRN0028,Aditya Chauhan,aditya.chauhan.28@rediffmail.com,9505331586,Chandigarh,2022-06-08,Enterprise
LRN0029,Pooja Chatterjee,pooja.chatterjee.29@yahoo.com,9226025634,Indore,2023-12-20,Free
LRN0030,Aditya Chatterjee,aditya.chatterjee.30@yahoo.com,9733754330,Pune,2022-12-03,Free
LRN0031,Karan Kapoor,karan.kapoor.31@yahoo.com,9458685014,Lucknow,2022-09-29,Free
LRN0032,Simran Agarwal,simran.agarwal.32@outlook.com,9556981693,Mumbai,2023-12-27,Basic
LRN0033,Ajay Mukherjee,ajay.mukherjee.33@outlook.com,9835615951,Jaipur,2022-11-13,Premium
LRN0034,Amit Srivastava,amit.srivastava.34@outlook.com,9482366299,Pune,2023-07-16,Premium
LRN0035,Shreya Chauhan,shreya.chauhan.35@rediffmail.com,9369957773,Ahmedabad,2022-06-23,Premium
LRN0036,Megha Iyer,megha.iyer.36@gmail.com,9951343320,Hyderabad,2023-05-02,Basic
LRN0037,Karan Verma,karan.verma.37@gmail.com,9693676320,Indore,2023-03-12,Free
LRN0038,Ajay Verma,ajay.verma.38@rediffmail.com,9083172788,Kolkata,2023-03-30,Basic
LRN0039,Sachin Agarwal,sachin.agarwal.39@hotmail.com,9872774348,Surat,2022-09-02,Free
LRN0040,Megha Yadav,megha.yadav.40@yahoo.com,9455812236,Chandigarh,2022-08-08,Free
LRN0041,Geeta Tiwari,geeta.tiwari.41@rediffmail.com,9876036690,Pune,2023-05-04,Free
LRN0042,Ravi Chauhan,ravi.chauhan.42@hotmail.com,9668893734,Ahmedabad,2022-01-30,Basic
LRN0043,Sunita Malhotra,sunita.malhotra.43@gmail.com,9272980699,Delhi,2023-10-21,Basic
LRN0044,Shalini Joshi,shalini.joshi.44@outlook.com,9046537556,Indore,2023-03-08,Free
LRN0045,Priya Nair,priya.nair.45@yahoo.com,9080531003,Bhopal,2022-01-21,Basic
LRN0046,Pooja Patel,pooja.patel.46@rediffmail.com,9719374529,Chandigarh,2022-04-28,Premium
LRN0047,Rahul Chauhan,rahul.chauhan.47@rediffmail.com,9190496631,Chandigarh,2023-10-05,Free
LRN0048,Shreya Chatterjee,shreya.chatterjee.48@rediffmail.com,9919058651,Surat,2022-12-16,Free
LRN0049,Geeta Das,geeta.das.49@outlook.com,9716572628,Lucknow,2023-07-06,Premium
LRN0050,Shalini Agarwal,shalini.agarwal.50@rediffmail.com,9945314737,Lucknow,2023-11-16,Basic
LRN0051,Vivaan Nair,vivaan.nair.51@outlook.com,9527354549,Jaipur,2022-01-11,Basic
LRN0052,Siddharth Singh,siddharth.singh.52@gmail.com,9367837770,Chennai,2022-08-15,Basic
LRN0053,Pooja Chauhan,pooja.chauhan.53@outlook.com,9957885685,Chandigarh,2023-04-10,Free
LRN0054,Kavya Yadav,kavya.yadav.54@outlook.com,9135182337,Chandigarh,2023-08-27,Enterprise
LRN0055,Ajay Pillai,ajay.pillai.55@rediffmail.com,9413435240,Bengaluru,2022-10-08,Free
LRN0056,Rohan Reddy,rohan.reddy.56@hotmail.com,9427109477,Kolkata,2022-07-08,Enterprise
LRN0057,Kavya Chatterjee,kavya.chatterjee.57@yahoo.com,9711671902,Indore,2023-07-31,Enterprise
LRN0058,Priya Yadav,priya.yadav.58@hotmail.com,9186999386,Ahmedabad,2022-11-01,Premium
LRN0059,Rekha Chauhan,rekha.chauhan.59@yahoo.com,9990913341,Hyderabad,2022-06-27,Basic
LRN0060,Rahul Sharma,rahul.sharma.60@hotmail.com,9679740344,Delhi,2023-12-05,Free
LRN0061,Kavya Bose,kavya.bose.61@gmail.com,9936183242,Mumbai,2022-06-19,Premium
LRN0062,Simran Malhotra,simran.malhotra.62@rediffmail.com,9947174648,Ahmedabad,2023-03-25,Free
LRN0063,Aditya Banerjee,aditya.banerjee.63@gmail.com,9659401399,Indore,2023-11-20,Premium
LRN0064,Nisha Gupta,nisha.gupta.64@gmail.com,9278742967,Ahmedabad,2022-12-23,Basic
LRN0065,Amit Desai,amit.desai.65@hotmail.com,9125674680,Delhi,2022-11-19,Free
LRN0066,Ananya Kapoor,ananya.kapoor.66@outlook.com,9680876038,Lucknow,2023-05-26,Basic
LRN0067,Rohan Mehta,rohan.mehta.67@yahoo.com,9482477109,Chandigarh,2022-06-12,Basic
LRN0068,Aarav Reddy,aarav.reddy.68@rediffmail.com,9613171274,Chandigarh,2022-10-07,Basic
LRN0069,Nikhil Nair,nikhil.nair.69@gmail.com,9378263982,Chennai,2023-03-01,Basic
LRN0070,Sachin Mishra,sachin.mishra.70@hotmail.com,9044997278,Kolkata,2022-12-07,Basic
LRN0071,Vijay Srivastava,vijay.srivastava.71@outlook.com,9753396360,Chandigarh,2023-04-30,Premium
LRN0072,Deepak Srivastava,deepak.srivastava.72@gmail.com,9270289517,Jaipur,2023-04-13,Free
LRN0073,Neha Agarwal,neha.agarwal.73@rediffmail.com,9217459615,Pune,2022-11-21,Basic
LRN0074,Mohit Chatterjee,mohit.chatterjee.74@gmail.com,9809134316,Indore,2023-10-11,Premium
LRN0075,Sneha Verma,sneha.verma.75@hotmail.com,9240050455,Bengaluru,2022-09-08,Basic
LRN0076,Nisha Desai,nisha.desai.76@rediffmail.com,9222196937,Bengaluru,2022-08-26,Basic
LRN0077,Kavya Verma,kavya.verma.77@rediffmail.com,9407482175,Chennai,2023-10-17,Enterprise
LRN0078,Shreya Mehta,shreya.mehta.78@outlook.com,9671369594,Mumbai,2023-11-06,Basic
LRN0079,Aarav Rao,aarav.rao.79@rediffmail.com,9097439533,Chennai,2023-11-26,Premium
LRN0080,Divya Shah,divya.shah.80@outlook.com,9104709521,Kolkata,2023-03-02,Free
LRN0081,Divya Bose,divya.bose.81@outlook.com,9858842474,Indore,2022-04-28,Basic
LRN0082,Karan Patel,karan.patel.82@gmail.com,9368516048,Ahmedabad,2023-01-13,Premium
LRN0083,Kavya Rao,kavya.rao.83@rediffmail.com,9651370985,Hyderabad,2023-10-26,Free
LRN0084,Shalini Mukherjee,shalini.mukherjee.84@gmail.com,9461200471,Hyderabad,2023-07-05,Free
LRN0085,Shalini Pandey,shalini.pandey.85@outlook.com,9869261796,Mumbai,2023-12-08,Basic
LRN0086,Anita Verma,anita.verma.86@yahoo.com,9351585064,Delhi,2023-04-11,Free
LRN0087,Ishaan Shah,ishaan.shah.87@rediffmail.com,9900532931,Hyderabad,2023-08-24,Free
LRN0088,Varun Tiwari,varun.tiwari.88@gmail.com,9290422842,Surat,2022-01-27,Free
LRN0089,Ravi Bose,ravi.bose.89@rediffmail.com,9395024026,Delhi,2022-03-07,Basic
LRN0090,Manish Iyer,manish.iyer.90@hotmail.com,9917839084,Surat,2022-02-01,Free
LRN0091,Nikhil Chatterjee,nikhil.chatterjee.91@yahoo.com,9661771159,Delhi,2022-05-10,Free
LRN0092,Komal Reddy,komal.reddy.92@gmail.com,9569847896,Indore,2023-12-20,Free
LRN0093,Preeti Malhotra,preeti.malhotra.93@gmail.com,9367365766,Kolkata,2023-03-14,Basic
LRN0094,Kavya Pandey,kavya.pandey.94@yahoo.com,9271111615,Jaipur,2022-03-03,Basic
LRN0095,Preeti Reddy,preeti.reddy.95@outlook.com,9516560494,Delhi,2023-08-15,Basic
LRN0096,Neha Desai,neha.desai.96@yahoo.com,9731585149,Indore,2023-03-16,Premium
LRN0097,Reena Pillai,reena.pillai.97@outlook.com,9809402445,Mumbai,2022-07-05,Premium
LRN0098,Sunita Singh,sunita.singh.98@yahoo.com,9201836675,Kolkata,2022-11-16,Premium
LRN0099,Nisha Pillai,nisha.pillai.99@hotmail.com,9102290147,Ahmedabad,2023-09-14,Basic
LRN0100,Ritika Mehta,ritika.mehta.100@outlook.com,9815614978,Mumbai,2022-08-14,Basic
LRN0101,Simran Gupta,simran.gupta.101@gmail.com,9034324451,Ahmedabad,2023-03-17,Free
LRN0102,Deepak Reddy,deepak.reddy.102@hotmail.com,9388516060,Delhi,2022-11-17,Basic
LRN0103,Nisha Srivastava,nisha.srivastava.103@outlook.com,9641605297,Delhi,2023-03-24,Premium
LRN0104,Pooja Agarwal,pooja.agarwal.104@yahoo.com,9968164535,Delhi,2023-06-07,Basic
LRN0105,Ajay Iyer,ajay.iyer.105@yahoo.com,9355231243,Lucknow,2022-06-06,Premium
LRN0106,Karan Joshi,karan.joshi.106@yahoo.com,9779979955,Ahmedabad,2022-03-11,Basic
LRN0107,Shreya Bose,shreya.bose.107@gmail.com,9490581477,Mumbai,2023-01-13,Premium
LRN0108,Karan Shah,karan.shah.108@hotmail.com,9199867980,Indore,2023-08-09,Premium
LRN0109,Amit Pillai,amit.pillai.109@yahoo.com,9782071518,Mumbai,2022-09-11,Premium
LRN0110,Anita Iyer,anita.iyer.110@rediffmail.com,9892554665,Mumbai,2023-10-09,Basic
LRN0111,Karan Tiwari,karan.tiwari.111@rediffmail.com,9186449251,Surat,2022-05-25,Enterprise
LRN0112,Shreya Shah,shreya.shah.112@rediffmail.com,9629148652,Delhi,2023-10-24,Premium
LRN0113,Sachin Pandey,sachin.pandey.113@yahoo.com,9054235733,Bengaluru,2022-03-21,Free
LRN0114,Sneha Iyer,sneha.iyer.114@yahoo.com,9880592962,Bengaluru,2023-12-11,Premium
LRN0115,Rahul Malhotra,rahul.malhotra.115@yahoo.com,9706537947,Jaipur,2022-09-02,Basic
LRN0116,Nikhil Banerjee,nikhil.banerjee.116@hotmail.com,9359774688,Bengaluru,2022-07-24,Premium
LRN0117,Divya Chatterjee,divya.chatterjee.117@gmail.com,9407581814,Indore,2022-06-14,Free
LRN0118,Sachin Patel,sachin.patel.118@rediffmail.com,9613750606,Kolkata,2022-08-30,Basic
LRN0119,Priya Pandey,priya.pandey.119@hotmail.com,9305152204,Chandigarh,2022-05-23,Premium
LRN0120,Nikhil Verma,nikhil.verma.120@rediffmail.com,9901043289,Pune,2022-04-24,Premium
LRN0121,Ananya Gupta,ananya.gupta.121@gmail.com,9369711798,Surat,2023-06-12,Basic
LRN0122,Neha Chauhan,neha.chauhan.122@rediffmail.com,9609539621,Kolkata,2022-03-11,Enterprise
LRN0123,Vijay Iyer,vijay.iyer.123@gmail.com,9880670654,Kolkata,2022-03-11,Basic
LRN0124,Sneha Kapoor,sneha.kapoor.124@hotmail.com,9952058527,Surat,2022-07-06,Premium
LRN0125,Shalini Gupta,shalini.gupta.125@rediffmail.com,9430305486,Ahmedabad,2022-09-17,Free
LRN0126,Siddharth Chauhan,siddharth.chauhan.126@hotmail.com,9505415667,Kolkata,2022-07-11,Basic
LRN0127,Mohit Pandey,mohit.pandey.127@outlook.com,9841616928,Kolkata,2022-04-16,Free
LRN0128,Megha Chauhan,megha.chauhan.128@rediffmail.com,9796275705,Pune,2022-10-09,Basic
LRN0129,Rohan Singh,rohan.singh.129@yahoo.com,9658202970,Delhi,2022-08-30,Premium
LRN0130,Manish Pandey,manish.pandey.130@gmail.com,9690927557,Lucknow,2022-05-21,Basic
LRN0131,Sunita Tiwari,sunita.tiwari.131@gmail.com,9431027868,Chennai,2022-09-24,Premium
LRN0132,Ishaan Pillai,ishaan.pillai.132@gmail.com,9473121727,Indore,2023-11-30,Enterprise
LRN0133,Ravi Jain,ravi.jain.133@yahoo.com,9188442258,Delhi,2022-07-25,Premium
LRN0134,Pooja Bose,pooja.bose.134@rediffmail.com,9705895782,Delhi,2022-03-09,Basic
LRN0135,Nikhil Iyer,nikhil.iyer.135@rediffmail.com,9669125177,Kolkata,2022-05-12,Premium
LRN0136,Preeti Shah,preeti.shah.136@outlook.com,9922680182,Bengaluru,2022-06-15,Basic
LRN0137,Varun Pandey,varun.pandey.137@rediffmail.com,9841438424,Jaipur,2022-04-06,Basic
LRN0138,Rahul Rao,rahul.rao.138@gmail.com,9922995900,Mumbai,2023-10-19,Premium
LRN0139,Kavya Shah,kavya.shah.139@hotmail.com,9396907844,Hyderabad,2023-12-03,Basic
LRN0140,Shalini Singh,shalini.singh.140@yahoo.com,9027677359,Kolkata,2022-11-23,Premium
LRN0141,Ravi Srivastava,ravi.srivastava.141@outlook.com,9258815371,Ahmedabad,2022-09-11,Free
LRN0142,Rohan Chauhan,rohan.chauhan.142@yahoo.com,9696325953,Ahmedabad,2023-06-12,Basic
LRN0143,Shreya Nair,shreya.nair.143@gmail.com,9016873395,Mumbai,2022-10-16,Basic
LRN0144,Nikhil Chauhan,nikhil.chauhan.144@gmail.com,9801624565,Pune,2022-02-22,Basic
LRN0145,Siddharth Pandey,siddharth.pandey.145@rediffmail.com,9841687849,Delhi,2022-05-12,Enterprise
LRN0146,Sunita Pandey,sunita.pandey.146@gmail.com,9585239868,Mumbai,2022-02-09,Free
LRN0147,Suresh Bose,suresh.bose.147@outlook.com,9787298259,Bengaluru,2023-02-07,Enterprise
LRN0148,Shreya Rao,shreya.rao.148@outlook.com,9588879470,Kolkata,2023-11-21,Free
LRN0149,Geeta Rao,geeta.rao.149@rediffmail.com,9409749930,Ahmedabad,2022-06-24,Basic
LRN0150,Reena Kapoor,reena.kapoor.150@outlook.com,9623091307,Pune,2022-06-05,Basic
LRN0151,Ishaan Agarwal,ishaan.agarwal.151@hotmail.com,9897028385,Jaipur,2023-01-21,Basic
LRN0152,Arjun Verma,arjun.verma.152@outlook.com,9858549733,Jaipur,2022-11-02,Free
LRN0153,Shreya Kapoor,shreya.kapoor.153@gmail.com,9437575844,Lucknow,2023-11-24,Basic
LRN0154,Sunita Das,sunita.das.154@hotmail.com,9524041574,Hyderabad,2022-07-26,Premium
LRN0155,Ritika Mukherjee,ritika.mukherjee.155@rediffmail.com,9842199330,Hyderabad,2023-10-16,Free
LRN0156,Sneha Agarwal,sneha.agarwal.156@hotmail.com,9571208267,Surat,2022-07-24,Premium
LRN0157,Megha Tiwari,megha.tiwari.157@yahoo.com,9401938026,Mumbai,2023-02-11,Premium
LRN0158,Arjun Mukherjee,arjun.mukherjee.158@hotmail.com,9400499154,Surat,2023-07-11,Basic
LRN0159,Sachin Verma,sachin.verma.159@outlook.com,9431527420,Indore,2022-10-30,Basic
LRN0160,Siddharth Joshi,siddharth.joshi.160@yahoo.com,9966851612,Ahmedabad,2022-11-28,Enterprise
LRN0161,Aarav Mishra,aarav.mishra.161@outlook.com,9637454990,Surat,2023-01-04,Premium
LRN0162,Ananya Verma,ananya.verma.162@yahoo.com,9426841459,Hyderabad,2022-05-17,Basic
LRN0163,Shalini Malhotra,shalini.malhotra.163@gmail.com,9956878339,Jaipur,2023-04-03,Basic
LRN0164,Manish Singh,manish.singh.164@yahoo.com,9910883982,Kolkata,2023-06-17,Basic
LRN0165,Ishaan Jain,ishaan.jain.165@hotmail.com,9971870728,Ahmedabad,2023-08-01,Free
LRN0166,Shalini Desai,shalini.desai.166@hotmail.com,9406403910,Kolkata,2023-12-19,Free
LRN0167,Rohan Mukherjee,rohan.mukherjee.167@hotmail.com,9170462265,Ahmedabad,2023-01-22,Basic
LRN0168,Vijay Patel,vijay.patel.168@gmail.com,9512868230,Chennai,2023-04-20,Premium
LRN0169,Vijay Agarwal,vijay.agarwal.169@gmail.com,9863375243,Mumbai,2023-11-08,Basic
LRN0170,Vivaan Yadav,vivaan.yadav.170@gmail.com,9311907903,Pune,2023-03-26,Free
LRN0171,Ishaan Kapoor,ishaan.kapoor.171@outlook.com,9028439599,Hyderabad,2022-11-06,Premium
LRN0172,Ajay Yadav,ajay.yadav.172@hotmail.com,9644089268,Mumbai,2022-12-19,Enterprise
LRN0173,Deepak Bose,deepak.bose.173@hotmail.com,9856624628,Hyderabad,2022-08-19,Basic
LRN0174,Neha Bose,neha.bose.174@yahoo.com,9708668826,Chennai,2022-07-28,Basic
LRN0175,Priya Mukherjee,priya.mukherjee.175@rediffmail.com,9751830469,Mumbai,2022-03-16,Free
LRN0176,Komal Malhotra,komal.malhotra.176@gmail.com,9837354033,Chandigarh,2023-05-06,Enterprise
LRN0177,Simran Jain,simran.jain.177@outlook.com,9363854678,Chennai,2022-09-25,Basic
LRN0178,Mohit Verma,mohit.verma.178@yahoo.com,9175355609,Chandigarh,2022-05-30,Free
LRN0179,Preeti Mukherjee,preeti.mukherjee.179@rediffmail.com,9996423536,Bhopal,2022-09-09,Basic
LRN0180,Mohit Malhotra,mohit.malhotra.180@rediffmail.com,9772522872,Surat,2022-03-02,Basic
LRN0181,Karan Das,karan.das.181@rediffmail.com,9006231203,Ahmedabad,2023-01-18,Free
LRN0182,Reena Mukherjee,reena.mukherjee.182@rediffmail.com,9770088600,Chandigarh,2022-10-09,Basic
LRN0183,Megha Sharma,megha.sharma.183@rediffmail.com,9862118233,Jaipur,2022-09-16,Premium
LRN0184,Ritika Bose,ritika.bose.184@gmail.com,9615679334,Surat,2023-10-28,Premium
LRN0185,Priya Srivastava,priya.srivastava.185@hotmail.com,9668700217,Surat,2022-12-06,Basic
LRN0186,Aditya Yadav,aditya.yadav.186@gmail.com,9397401489,Bengaluru,2022-11-19,Free
LRN0187,Ishaan Rao,ishaan.rao.187@rediffmail.com,9261429396,Kolkata,2023-01-29,Premium
LRN0188,Priya Iyer,priya.iyer.188@rediffmail.com,9501631599,Pune,2022-12-01,Free
LRN0189,Anita Nair,anita.nair.189@rediffmail.com,9358662961,Chennai,2022-09-10,Premium
LRN0190,Priya Mishra,priya.mishra.190@outlook.com,9262655110,Ahmedabad,2023-01-04,Premium
LRN0191,Sneha Patel,sneha.patel.191@gmail.com,9126788861,Delhi,2022-12-29,Basic
LRN0192,Simran Pillai,simran.pillai.192@rediffmail.com,9560466183,Jaipur,2022-06-23,Premium
LRN0193,Rahul Patel,rahul.patel.193@hotmail.com,9444721264,Chennai,2023-05-11,Premium
LRN0194,Manish Mishra,manish.mishra.194@gmail.com,9379937124,Pune,2022-12-07,Premium
LRN0195,Suresh Verma,suresh.verma.195@outlook.com,9569245937,Bengaluru,2023-02-12,Enterprise
LRN0196,Megha Malhotra,megha.malhotra.196@rediffmail.com,9793564651,Hyderabad,2023-08-30,Enterprise
LRN0197,Arjun Desai,arjun.desai.197@yahoo.com,9807374167,Surat,2022-11-07,Free
LRN0198,Neha Jain,neha.jain.198@rediffmail.com,9661797968,Bhopal,2023-12-10,Basic
LRN0199,Manish Jain,manish.jain.199@rediffmail.com,9891135290,Surat,2023-11-25,Basic
LRN0200,Rekha Kumar,rekha.kumar.200@yahoo.com,9014388899,Ahmedabad,2023-01-19,Basic
LRN0201,Komal Jain,komal.jain.201@gmail.com,9825071461,Bhopal,2022-05-26,Basic
LRN0202,Ishaan Iyer,ishaan.iyer.202@gmail.com,9757177514,Indore,2023-12-29,Free
LRN0203,Suresh Shah,suresh.shah.203@hotmail.com,9123828258,Ahmedabad,2022-08-26,Premium
LRN0204,Arjun Joshi,arjun.joshi.204@gmail.com,9660937966,Chandigarh,2022-08-08,Free
LRN0205,Karan Rao,karan.rao.205@hotmail.com,9182553714,Jaipur,2023-10-17,Basic
LRN0206,Deepak Pillai,deepak.pillai.206@rediffmail.com,9691557924,Lucknow,2022-03-28,Premium
LRN0207,Amit Kumar,amit.kumar.207@rediffmail.com,9341252866,Bengaluru,2023-08-12,Basic
LRN0208,Arjun Nair,arjun.nair.208@hotmail.com,9828274225,Lucknow,2022-02-24,Premium
LRN0209,Aarav Nair,aarav.nair.209@hotmail.com,9236887676,Ahmedabad,2022-06-21,Free
LRN0210,Vivaan Bose,vivaan.bose.210@rediffmail.com,9340438427,Chandigarh,2023-05-23,Basic
LRN0211,Ananya Rao,ananya.rao.211@hotmail.com,9148580783,Delhi,2023-11-01,Premium
LRN0212,Aditya Verma,aditya.verma.212@rediffmail.com,9451713395,Surat,2023-03-15,Free
LRN0213,Ishaan Das,ishaan.das.213@outlook.com,9309584982,Chandigarh,2022-10-27,Free
LRN0214,Ritika Chatterjee,ritika.chatterjee.214@yahoo.com,9812604223,Chandigarh,2022-11-26,Premium
LRN0215,Sunita Nair,sunita.nair.215@rediffmail.com,9294667116,Chandigarh,2022-10-12,Premium
LRN0216,Mohit Tiwari,mohit.tiwari.216@hotmail.com,9901751863,Bhopal,2022-08-05,Basic
LRN0217,Amit Das,amit.das.217@gmail.com,9458929750,Delhi,2023-10-04,Premium
LRN0218,Shalini Sharma,shalini.sharma.218@yahoo.com,9127706324,Bhopal,2022-10-08,Free
LRN0219,Rahul Gupta,rahul.gupta.219@gmail.com,9643611037,Bengaluru,2023-08-31,Free
LRN0220,Anita Sharma,anita.sharma.220@gmail.com,9051627136,Chandigarh,2022-04-15,Free
LRN0221,Manish Banerjee,manish.banerjee.221@rediffmail.com,9426221890,Surat,2022-06-18,Basic
LRN0222,Neha Mukherjee,neha.mukherjee.222@hotmail.com,9697311219,Kolkata,2023-03-16,Basic
LRN0223,Ritika Shah,ritika.shah.223@yahoo.com,9138999404,Jaipur,2023-09-14,Basic
LRN0224,Sunita Chauhan,sunita.chauhan.224@rediffmail.com,9037613791,Mumbai,2023-01-05,Enterprise
LRN0225,Divya Srivastava,divya.srivastava.225@gmail.com,9965827109,Mumbai,2022-09-26,Free
LRN0226,Rohan Bose,rohan.bose.226@rediffmail.com,9684866618,Lucknow,2022-06-06,Free
LRN0227,Shreya Singh,shreya.singh.227@hotmail.com,9832856914,Chandigarh,2022-09-02,Free
LRN0228,Shalini Pillai,shalini.pillai.228@hotmail.com,9904210202,Kolkata,2023-06-20,Basic
LRN0229,Kavya Joshi,kavya.joshi.229@gmail.com,9524105648,Chennai,2023-12-31,Enterprise
LRN0230,Karan Nair,karan.nair.230@outlook.com,9785079252,Indore,2022-04-16,Premium
LRN0231,Ananya Yadav,ananya.yadav.231@yahoo.com,9800030756,Bengaluru,2022-02-06,Basic
LRN0232,Geeta Yadav,geeta.yadav.232@rediffmail.com,9536541951,Surat,2022-02-23,Free
LRN0233,Ajay Gupta,ajay.gupta.233@gmail.com,9617445187,Kolkata,2022-07-25,Free
LRN0234,Shreya Malhotra,shreya.malhotra.234@yahoo.com,9937597383,Mumbai,2023-02-24,Free
LRN0235,Vijay Pandey,vijay.pandey.235@hotmail.com,9050641383,Ahmedabad,2022-03-03,Enterprise
LRN0236,Ritika Singh,ritika.singh.236@rediffmail.com,9038657191,Bengaluru,2023-10-15,Premium
LRN0237,Rekha Desai,rekha.desai.237@outlook.com,9234456557,Hyderabad,2022-03-18,Enterprise
LRN0238,Divya Kapoor,divya.kapoor.238@gmail.com,9912127756,Jaipur,2023-01-02,Enterprise
LRN0239,Ishaan Verma,ishaan.verma.239@yahoo.com,9474112490,Bhopal,2022-12-02,Free
LRN0240,Pooja Pandey,pooja.pandey.240@rediffmail.com,9680442067,Chandigarh,2023-07-18,Free
LRN0241,Shalini Kumar,shalini.kumar.241@gmail.com,9210032365,Lucknow,2023-08-24,Free
LRN0242,Karan Sharma,karan.sharma.242@gmail.com,9137215107,Bengaluru,2023-08-11,Basic
LRN0243,Vivaan Srivastava,vivaan.srivastava.243@gmail.com,9625324472,Lucknow,2023-09-27,Basic
LRN0244,Megha Nair,megha.nair.244@yahoo.com,9687014626,Surat,2023-06-23,Free
LRN0245,Vijay Bose,vijay.bose.245@outlook.com,9065787598,Pune,2022-10-04,Free
LRN0246,Varun Sharma,varun.sharma.246@yahoo.com,9407859321,Surat,2022-09-04,Free
LRN0247,Rohan Kapoor,rohan.kapoor.247@outlook.com,9396522395,Lucknow,2022-01-29,Premium
LRN0248,Ravi Rao,ravi.rao.248@gmail.com,9929378427,Delhi,2022-02-27,Free
LRN0249,Ajay Nair,ajay.nair.249@gmail.com,9059325250,Bengaluru,2023-08-24,Premium
LRN0250,Neha Kapoor,neha.kapoor.250@outlook.com,9185156915,Kolkata,2022-05-20,Enterprise
LRN0251,Rekha Bose,rekha.bose.251@hotmail.com,9752895392,Chennai,2023-12-07,Free
LRN0252,Arjun Malhotra,arjun.malhotra.252@yahoo.com,9096902959,Surat,2023-08-03,Free
LRN0253,Mohit Patel,mohit.patel.253@gmail.com,9513552157,Chennai,2022-08-03,Free
LRN0254,Karan Pandey,karan.pandey.254@hotmail.com,9410067626,Pune,2022-12-26,Basic
LRN0255,Sneha Das,sneha.das.255@outlook.com,9793271040,Chennai,2022-04-18,Free
LRN0256,Rahul Banerjee,rahul.banerjee.256@gmail.com,9621815997,Pune,2023-11-01,Free
LRN0257,Rekha Joshi,rekha.joshi.257@outlook.com,9015336884,Chennai,2022-09-01,Free
LRN0258,Sunita Rao,sunita.rao.258@rediffmail.com,9872050614,Ahmedabad,2022-07-24,Free
LRN0259,Ishaan Joshi,ishaan.joshi.259@gmail.com,9417146774,Surat,2023-07-12,Basic
LRN0260,Deepak Pandey,deepak.pandey.260@rediffmail.com,9270477434,Mumbai,2022-06-04,Premium
LRN0261,Sneha Singh,sneha.singh.261@hotmail.com,9586938068,Jaipur,2023-12-05,Premium
LRN0262,Nikhil Rao,nikhil.rao.262@rediffmail.com,9374160898,Surat,2023-09-28,Free
LRN0263,Anita Joshi,anita.joshi.263@yahoo.com,9233206163,Bhopal,2023-09-02,Free
LRN0264,Karan Singh,karan.singh.264@rediffmail.com,9686854870,Lucknow,2023-06-20,Premium
LRN0265,Ananya Agarwal,ananya.agarwal.265@outlook.com,9229991191,Bhopal,2023-07-03,Premium
LRN0266,Geeta Mishra,geeta.mishra.266@yahoo.com,9679970246,Lucknow,2023-09-16,Premium
LRN0267,Sunita Gupta,sunita.gupta.267@outlook.com,9653074505,Chennai,2022-10-15,Premium
LRN0268,Sneha Chatterjee,sneha.chatterjee.268@yahoo.com,9324754691,Ahmedabad,2022-08-05,Enterprise
LRN0269,Geeta Malhotra,geeta.malhotra.269@hotmail.com,9785082148,Bengaluru,2023-06-21,Premium
LRN0270,Vivaan Joshi,vivaan.joshi.270@outlook.com,9330307053,Kolkata,2023-04-21,Basic
LRN0271,Ananya Desai,ananya.desai.271@rediffmail.com,9035797279,Kolkata,2022-12-19,Free
LRN0272,Kavya Malhotra,kavya.malhotra.272@yahoo.com,9140602933,Surat,2022-07-31,Free
LRN0273,Geeta Iyer,geeta.iyer.273@rediffmail.com,9007229034,Indore,2022-11-09,Premium
LRN0274,Ritika Agarwal,ritika.agarwal.274@hotmail.com,9657437489,Lucknow,2022-04-15,Free
LRN0275,Manish Reddy,manish.reddy.275@outlook.com,9994417154,Bhopal,2022-10-11,Free
LRN0276,Neha Iyer,neha.iyer.276@outlook.com,9309652074,Pune,2023-02-19,Basic
LRN0277,Aditya Rao,aditya.rao.277@yahoo.com,9935387584,Bhopal,2023-11-05,Premium
LRN0278,Arjun Chauhan,arjun.chauhan.278@outlook.com,9172482513,Hyderabad,2022-11-11,Basic
LRN0279,Suresh Pandey,suresh.pandey.279@rediffmail.com,9494717099,Delhi,2023-04-29,Premium
LRN0280,Sachin Kumar,sachin.kumar.280@hotmail.com,9684602235,Lucknow,2023-04-14,Free
LRN0281,Arjun Kapoor,arjun.kapoor.281@yahoo.com,9175250074,Indore,2022-06-22,Basic
LRN0282,Rahul Nair,rahul.nair.282@gmail.com,9129666676,Mumbai,2023-07-01,Free
LRN0283,Manish Sharma,manish.sharma.283@yahoo.com,9583003354,Delhi,2023-01-28,Basic
LRN0284,Shreya Joshi,shreya.joshi.284@hotmail.com,9104478985,Surat,2022-05-18,Basic
LRN0285,Sunita Sharma,sunita.sharma.285@outlook.com,9332309821,Chandigarh,2023-10-29,Premium
LRN0286,Deepak Banerjee,deepak.banerjee.286@gmail.com,9489090100,Pune,2023-03-31,Basic
LRN0287,Preeti Mishra,preeti.mishra.287@rediffmail.com,9723046184,Lucknow,2023-12-19,Free
LRN0288,Reena Kumar,reena.kumar.288@yahoo.com,9411739348,Kolkata,2023-12-22,Basic
LRN0289,Preeti Nair,preeti.nair.289@hotmail.com,9375300119,Bengaluru,2022-04-03,Premium
LRN0290,Karan Malhotra,karan.malhotra.290@yahoo.com,9143744701,Bhopal,2022-02-10,Premium
LRN0291,Manish Bose,manish.bose.291@outlook.com,9561100225,Ahmedabad,2023-09-29,Free
LRN0292,Suresh Joshi,suresh.joshi.292@gmail.com,9166746762,Bengaluru,2023-12-14,Premium
LRN0293,Rahul Kumar,rahul.kumar.293@rediffmail.com,9697972965,Mumbai,2023-12-02,Premium
LRN0294,Divya Nair,divya.nair.294@rediffmail.com,9716701450,Indore,2023-08-14,Premium
LRN0295,Varun Desai,varun.desai.295@hotmail.com,9588916375,Bengaluru,2023-07-26,Premium
LRN0296,Reena Gupta,reena.gupta.296@yahoo.com,9028772175,Kolkata,2022-10-12,Free
LRN0297,Varun Reddy,varun.reddy.297@hotmail.com,9663177971,Ahmedabad,2022-11-20,Free
LRN0298,Sunita Agarwal,sunita.agarwal.298@rediffmail.com,9088019948,Hyderabad,2023-11-02,Premium
LRN0299,Rohan Das,rohan.das.299@gmail.com,9375899757,Delhi,2023-11-06,Free
LRN0300,Megha Reddy,megha.reddy.300@outlook.com,9851027261,Lucknow,2022-07-20,Free
LRN0301,Sunita Mehta,sunita.mehta.301@hotmail.com,9735160917,Surat,2023-08-27,Enterprise
LRN0302,Aarav Iyer,aarav.iyer.302@yahoo.com,9086978292,Delhi,2023-02-01,Premium
LRN0303,Simran Banerjee,simran.banerjee.303@outlook.com,9586693465,Ahmedabad,2022-05-17,Free
LRN0304,Sachin Chauhan,sachin.chauhan.304@yahoo.com,9858333945,Chandigarh,2023-10-28,Enterprise
LRN0305,Vijay Jain,vijay.jain.305@outlook.com,9515879968,Bhopal,2023-03-09,Premium
LRN0306,Ajay Kumar,ajay.kumar.306@outlook.com,9062003424,Bengaluru,2022-03-05,Premium
LRN0307,Vijay Gupta,vijay.gupta.307@rediffmail.com,9571983863,Indore,2023-12-14,Free
LRN0308,Geeta Bose,geeta.bose.308@outlook.com,9580043973,Indore,2023-08-26,Basic
LRN0309,Simran Mehta,simran.mehta.309@hotmail.com,9347212281,Mumbai,2023-03-15,Free
LRN0310,Kavya Patel,kavya.patel.310@outlook.com,9294057202,Lucknow,2022-02-22,Premium
LRN0311,Reena Das,reena.das.311@yahoo.com,9479851583,Jaipur,2022-03-11,Premium
LRN0312,Rahul Agarwal,rahul.agarwal.312@outlook.com,9886153355,Chennai,2022-08-12,Enterprise
LRN0313,Reena Iyer,reena.iyer.313@yahoo.com,9780157399,Mumbai,2023-11-30,Premium
LRN0314,Deepak Mukherjee,deepak.mukherjee.314@rediffmail.com,9164840858,Ahmedabad,2023-05-14,Free
LRN0315,Siddharth Tiwari,siddharth.tiwari.315@yahoo.com,9811288013,Bhopal,2023-12-03,Basic
LRN0316,Sneha Mehta,sneha.mehta.316@gmail.com,9861207501,Mumbai,2022-07-02,Premium
LRN0317,Preeti Singh,preeti.singh.317@gmail.com,9934667665,Pune,2023-11-21,Free
LRN0318,Aarav Shah,aarav.shah.318@outlook.com,9919015814,Lucknow,2022-03-30,Free
LRN0319,Anita Srivastava,anita.srivastava.319@outlook.com,9607283268,Surat,2022-05-28,Free
LRN0320,Preeti Chatterjee,preeti.chatterjee.320@rediffmail.com,9821009968,Delhi,2022-11-09,Free
LRN0321,Ravi Mehta,ravi.mehta.321@gmail.com,9682223943,Bengaluru,2023-11-19,Premium
LRN0322,Preeti Verma,preeti.verma.322@outlook.com,9814141397,Kolkata,2022-05-12,Premium
LRN0323,Pooja Kumar,pooja.kumar.323@outlook.com,9491357759,Chandigarh,2023-08-22,Free
LRN0324,Nisha Pandey,nisha.pandey.324@outlook.com,9562053364,Bengaluru,2023-11-27,Premium
LRN0325,Anita Pandey,anita.pandey.325@rediffmail.com,9478129142,Hyderabad,2022-09-27,Premium
LRN0326,Vivaan Chatterjee,vivaan.chatterjee.326@outlook.com,9809969308,Jaipur,2023-07-07,Basic
LRN0327,Neha Pandey,neha.pandey.327@hotmail.com,9639427881,Kolkata,2023-05-30,Free
LRN0328,Reena Desai,reena.desai.328@hotmail.com,9282722992,Kolkata,2022-02-11,Free
LRN0329,Mohit Yadav,mohit.yadav.329@hotmail.com,9145303856,Ahmedabad,2022-02-17,Free
LRN0330,Ajay Shah,ajay.shah.330@rediffmail.com,9449892665,Surat,2022-03-21,Basic
LRN0331,Varun Iyer,varun.iyer.331@hotmail.com,9655779082,Bengaluru,2022-08-24,Free
LRN0332,Neha Joshi,neha.joshi.332@hotmail.com,9259136517,Ahmedabad,2022-08-04,Basic
LRN0333,Geeta Sharma,geeta.sharma.333@rediffmail.com,9302992280,Bengaluru,2022-02-27,Free
LRN0334,Sunita Pillai,sunita.pillai.334@yahoo.com,9904137977,Hyderabad,2023-02-25,Basic
LRN0335,Komal Das,komal.das.335@gmail.com,9298425799,Hyderabad,2023-01-23,Basic
LRN0336,Sneha Sharma,sneha.sharma.336@rediffmail.com,9388629127,Lucknow,2022-02-09,Premium
LRN0337,Ananya Singh,ananya.singh.337@gmail.com,9729806865,Chandigarh,2023-06-27,Basic
LRN0338,Nikhil Bose,nikhil.bose.338@yahoo.com,9659916247,Bhopal,2022-03-27,Free
LRN0339,Kavya Mehta,kavya.mehta.339@outlook.com,9009818063,Pune,2023-01-06,Free
LRN0340,Rekha Shah,rekha.shah.340@hotmail.com,9944869594,Indore,2022-07-28,Basic
LRN0341,Arjun Pandey,arjun.pandey.341@gmail.com,9887449562,Chandigarh,2022-08-24,Basic
LRN0342,Sunita Bose,sunita.bose.342@hotmail.com,9589026012,Lucknow,2023-03-22,Free
LRN0343,Ajay Chauhan,ajay.chauhan.343@yahoo.com,9902770384,Mumbai,2023-09-06,Basic
LRN0344,Varun Pillai,varun.pillai.344@outlook.com,9205302146,Surat,2023-02-09,Basic
LRN0345,Siddharth Iyer,siddharth.iyer.345@outlook.com,9011848955,Hyderabad,2023-09-13,Enterprise
LRN0346,Arjun Agarwal,arjun.agarwal.346@outlook.com,9818184518,Jaipur,2023-08-12,Free
LRN0347,Nisha Nair,nisha.nair.347@gmail.com,9357790714,Pune,2023-10-11,Premium
LRN0348,Varun Bose,varun.bose.348@gmail.com,9565880434,Pune,2023-11-21,Premium
LRN0349,Suresh Singh,suresh.singh.349@yahoo.com,9827553942,Ahmedabad,2022-07-24,Free
LRN0350,Varun Mehta,varun.mehta.350@gmail.com,9395211179,Indore,2023-07-09,Enterprise
LRN0351,Nikhil Pandey,nikhil.pandey.351@hotmail.com,9957947284,Hyderabad,2023-08-14,Free
LRN0352,Ajay Bose,ajay.bose.352@gmail.com,9678085627,Chandigarh,2023-06-15,Basic
LRN0353,Aarav Sharma,aarav.sharma.353@rediffmail.com,9369155942,Chennai,2022-08-31,Free
LRN0354,Reena Tiwari,reena.tiwari.354@outlook.com,9527636556,Ahmedabad,2022-07-04,Basic
LRN0355,Varun Das,varun.das.355@hotmail.com,9143866322,Indore,2022-01-10,Free
LRN0356,Ajay Reddy,ajay.reddy.356@yahoo.com,9574489061,Mumbai,2022-08-09,Premium
LRN0357,Nikhil Das,nikhil.das.357@outlook.com,9175455884,Mumbai,2023-02-26,Free
LRN0358,Vijay Joshi,vijay.joshi.358@outlook.com,9455877169,Ahmedabad,2023-10-09,Enterprise
LRN0359,Rahul Shah,rahul.shah.359@yahoo.com,9569961125,Kolkata,2022-11-21,Premium
LRN0360,Ritika Pillai,ritika.pillai.360@yahoo.com,9647598762,Bhopal,2022-01-24,Free
LRN0361,Pooja Desai,pooja.desai.361@rediffmail.com,9413261117,Mumbai,2022-01-27,Premium
LRN0362,Ajay Kapoor,ajay.kapoor.362@yahoo.com,9114921643,Chandigarh,2022-10-18,Basic
LRN0363,Divya Patel,divya.patel.363@outlook.com,9820055778,Jaipur,2023-04-01,Free
LRN0364,Komal Pillai,komal.pillai.364@yahoo.com,9796884578,Indore,2022-04-02,Basic
LRN0365,Manish Agarwal,manish.agarwal.365@hotmail.com,9424008254,Jaipur,2022-01-09,Premium
LRN0366,Mohit Kapoor,mohit.kapoor.366@outlook.com,9740649308,Hyderabad,2023-02-26,Premium
LRN0367,Rekha Srivastava,rekha.srivastava.367@rediffmail.com,9326634163,Indore,2023-09-20,Premium
LRN0368,Ritika Chauhan,ritika.chauhan.368@hotmail.com,9846312241,Lucknow,2023-04-09,Free
LRN0369,Reena Nair,reena.nair.369@outlook.com,9350208021,Chennai,2022-05-09,Premium
LRN0370,Aarav Yadav,aarav.yadav.370@outlook.com,9120735647,Ahmedabad,2023-12-15,Premium
LRN0371,Neha Gupta,neha.gupta.371@gmail.com,9461872346,Delhi,2022-09-12,Basic
LRN0372,Anita Yadav,anita.yadav.372@outlook.com,9037183764,Bengaluru,2023-10-07,Premium
LRN0373,Preeti Iyer,preeti.iyer.373@yahoo.com,9147435031,Surat,2023-03-21,Basic
LRN0374,Rahul Bose,rahul.bose.374@rediffmail.com,9491630097,Bengaluru,2023-01-16,Premium
LRN0375,Pooja Joshi,pooja.joshi.375@gmail.com,9719500528,Bengaluru,2023-05-15,Free
LRN0376,Preeti Bose,preeti.bose.376@hotmail.com,9573065240,Chandigarh,2023-03-25,Basic
LRN0377,Mohit Mehta,mohit.mehta.377@yahoo.com,9928557498,Delhi,2023-06-28,Free
LRN0378,Megha Das,megha.das.378@rediffmail.com,9485708620,Bhopal,2023-01-08,Premium
LRN0379,Pooja Tiwari,pooja.tiwari.379@outlook.com,9186387829,Kolkata,2023-02-24,Basic
LRN0380,Ananya Kumar,ananya.kumar.380@yahoo.com,9810220317,Delhi,2022-02-02,Basic
LRN0381,Deepak Desai,deepak.desai.381@gmail.com,9789940539,Mumbai,2022-08-02,Premium
LRN0382,Priya Verma,priya.verma.382@gmail.com,9058650948,Chandigarh,2022-03-14,Premium
LRN0383,Karan Mehta,karan.mehta.383@yahoo.com,9811386338,Lucknow,2023-10-03,Enterprise
LRN0384,Preeti Agarwal,preeti.agarwal.384@hotmail.com,9195761228,Jaipur,2022-12-12,Premium
LRN0385,Vijay Pillai,vijay.pillai.385@rediffmail.com,9755855665,Hyderabad,2023-07-31,Basic
LRN0386,Deepak Kapoor,deepak.kapoor.386@rediffmail.com,9845776004,Mumbai,2023-06-15,Free
LRN0387,Shreya Sharma,shreya.sharma.387@rediffmail.com,9433504888,Lucknow,2022-06-08,Free
LRN0388,Neha Patel,neha.patel.388@hotmail.com,9459334419,Lucknow,2022-08-11,Premium
LRN0389,Amit Bose,amit.bose.389@hotmail.com,9727919409,Delhi,2022-02-27,Enterprise
LRN0390,Rekha Agarwal,rekha.agarwal.390@outlook.com,9139060480,Jaipur,2023-08-02,Free
LRN0391,Sachin Jain,sachin.jain.391@yahoo.com,9320679981,Pune,2022-10-24,Premium
LRN0392,Sunita Mishra,sunita.mishra.392@hotmail.com,9168622783,Pune,2023-10-30,Basic
LRN0393,Preeti Pillai,preeti.pillai.393@gmail.com,9833146591,Surat,2023-02-28,Basic
LRN0394,Amit Pandey,amit.pandey.394@hotmail.com,9904259792,Mumbai,2022-08-28,Free
LRN0395,Manish Patel,manish.patel.395@gmail.com,9110392405,Chennai,2023-04-06,Basic
LRN0396,Suresh Mehta,suresh.mehta.396@yahoo.com,9833884879,Chandigarh,2023-12-17,Premium
LRN0397,Deepak Rao,deepak.rao.397@gmail.com,9804204394,Ahmedabad,2023-11-02,Enterprise
LRN0398,Karan Srivastava,karan.srivastava.398@gmail.com,9451046368,Kolkata,2023-05-12,Premium
LRN0399,Vijay Singh,vijay.singh.399@outlook.com,9238780038,Kolkata,2023-05-17,Basic
LRN0400,Ravi Desai,ravi.desai.400@gmail.com,9554384046,Jaipur,2022-10-14,Free
LRN0401,Suresh Banerjee,suresh.banerjee.401@rediffmail.com,9621689363,Bengaluru,2023-03-13,Enterprise
LRN0402,Simran Tiwari,simran.tiwari.402@outlook.com,9782329832,Chandigarh,2023-12-24,Premium
LRN0403,Divya Agarwal,divya.agarwal.403@outlook.com,9292518812,Bhopal,2022-05-30,Premium
LRN0404,Amit Banerjee,amit.banerjee.404@yahoo.com,9664742312,Mumbai,2023-09-19,Basic
LRN0405,Simran Rao,simran.rao.405@yahoo.com,9939330517,Jaipur,2023-09-12,Basic
LRN0406,Manish Joshi,manish.joshi.406@gmail.com,9677223306,Chennai,2023-02-27,Free
LRN0407,Siddharth Kapoor,siddharth.kapoor.407@hotmail.com,9312797573,Pune,2022-02-12,Basic
LRN0408,Deepak Malhotra,deepak.malhotra.408@gmail.com,9569998808,Ahmedabad,2023-04-13,Premium
LRN0409,Pooja Iyer,pooja.iyer.409@hotmail.com,9860868034,Pune,2022-11-08,Premium
LRN0410,Megha Verma,megha.verma.410@gmail.com,9264908277,Chandigarh,2023-05-28,Free
LRN0411,Komal Banerjee,komal.banerjee.411@rediffmail.com,9826657027,Chandigarh,2022-07-26,Premium
LRN0412,Amit Jain,amit.jain.412@rediffmail.com,9211175186,Lucknow,2022-06-13,Basic
LRN0413,Deepak Gupta,deepak.gupta.413@outlook.com,9259222206,Chennai,2023-04-02,Free
LRN0414,Arjun Kumar,arjun.kumar.414@rediffmail.com,9230940777,Indore,2022-01-06,Basic
LRN0415,Geeta Verma,geeta.verma.415@yahoo.com,9199038498,Mumbai,2022-07-09,Free
LRN0416,Ravi Gupta,ravi.gupta.416@hotmail.com,9209945101,Bengaluru,2022-06-15,Premium
LRN0417,Preeti Joshi,preeti.joshi.417@gmail.com,9795014556,Indore,2023-03-14,Premium
LRN0418,Karan Chauhan,karan.chauhan.418@yahoo.com,9721458683,Lucknow,2022-03-01,Free
LRN0419,Ajay Singh,ajay.singh.419@rediffmail.com,9794695489,Kolkata,2022-05-13,Basic
LRN0420,Mohit Iyer,mohit.iyer.420@gmail.com,9772934301,Ahmedabad,2023-10-03,Premium
LRN0421,Ishaan Bose,ishaan.bose.421@yahoo.com,9966055830,Chandigarh,2022-10-16,Free
LRN0422,Shreya Iyer,shreya.iyer.422@gmail.com,9850155699,Bhopal,2022-06-29,Free
LRN0423,Suresh Mukherjee,suresh.mukherjee.423@hotmail.com,9770272785,Indore,2023-02-28,Enterprise
LRN0424,Nisha Malhotra,nisha.malhotra.424@yahoo.com,9588039551,Chennai,2022-02-01,Basic
LRN0425,Deepak Shah,deepak.shah.425@outlook.com,9829962914,Chandigarh,2022-02-02,Free
LRN0426,Anita Das,anita.das.426@gmail.com,9438421503,Ahmedabad,2023-06-03,Free
LRN0427,Nikhil Malhotra,nikhil.malhotra.427@hotmail.com,9845218230,Pune,2024-01-01,Premium
LRN0428,Shreya Mukherjee,shreya.mukherjee.428@gmail.com,9091570184,Lucknow,2022-11-16,Basic
LRN0429,Ishaan Tiwari,ishaan.tiwari.429@yahoo.com,9334485714,Bengaluru,2022-10-08,Free
LRN0430,Reena Reddy,reena.reddy.430@outlook.com,9813858542,Lucknow,2022-09-08,Free
LRN0431,Shreya Pillai,shreya.pillai.431@hotmail.com,9587020701,Mumbai,2022-03-30,Basic
LRN0432,Arjun Jain,arjun.jain.432@gmail.com,9997954538,Indore,2023-04-22,Basic
LRN0433,Priya Das,priya.das.433@rediffmail.com,9717477332,Chennai,2023-01-08,Basic
LRN0434,Amit Verma,amit.verma.434@outlook.com,9701715772,Indore,2022-12-23,Basic
LRN0435,Divya Iyer,divya.iyer.435@hotmail.com,9161581487,Lucknow,2023-02-28,Free
LRN0436,Pooja Reddy,pooja.reddy.436@rediffmail.com,9276153966,Indore,2022-12-17,Basic
LRN0437,Nisha Das,nisha.das.437@yahoo.com,9719975817,Chennai,2023-02-20,Free
LRN0438,Sneha Desai,sneha.desai.438@gmail.com,9965701329,Indore,2022-05-31,Premium
LRN0439,Megha Srivastava,megha.srivastava.439@hotmail.com,9997335494,Chandigarh,2022-12-19,Enterprise
LRN0440,Komal Sharma,komal.sharma.440@gmail.com,9986240580,Chandigarh,2023-07-28,Premium
LRN0441,Ravi Kumar,ravi.kumar.441@hotmail.com,9403696566,Pune,2023-07-13,Free
LRN0442,Divya Mehta,divya.mehta.442@gmail.com,9865624220,Surat,2022-01-17,Free
LRN0443,Mohit Desai,mohit.desai.443@yahoo.com,9621267969,Ahmedabad,2023-06-06,Basic
LRN0444,Ravi Yadav,ravi.yadav.444@hotmail.com,9269097384,Jaipur,2023-08-14,Basic
LRN0445,Nikhil Jain,nikhil.jain.445@rediffmail.com,9519712847,Delhi,2023-06-20,Premium
LRN0446,Nikhil Shah,nikhil.shah.446@hotmail.com,9189490580,Ahmedabad,2023-06-09,Enterprise
LRN0447,Suresh Agarwal,suresh.agarwal.447@gmail.com,9544209494,Surat,2023-04-30,Basic
LRN0448,Megha Bose,megha.bose.448@outlook.com,9904712814,Bengaluru,2023-09-23,Free
LRN0449,Kavya Sharma,kavya.sharma.449@yahoo.com,9192927524,Ahmedabad,2022-07-05,Premium
LRN0450,Aditya Tiwari,aditya.tiwari.450@yahoo.com,9129276637,Hyderabad,2023-08-15,Premium
LRN0451,Kavya Kapoor,kavya.kapoor.451@yahoo.com,9102767478,Pune,2023-12-01,Premium
LRN0452,Nikhil Mishra,nikhil.mishra.452@gmail.com,9286047658,Delhi,2023-06-29,Basic
LRN0453,Rekha Pillai,rekha.pillai.453@yahoo.com,9454414967,Chandigarh,2023-11-20,Basic
LRN0454,Suresh Desai,suresh.desai.454@rediffmail.com,9258001061,Delhi,2023-12-03,Basic
LRN0455,Varun Malhotra,varun.malhotra.455@yahoo.com,9443009109,Lucknow,2023-10-16,Free
LRN0456,Simran Patel,simran.patel.456@hotmail.com,9692124471,Chennai,2023-03-14,Premium
LRN0457,Amit Mishra,amit.mishra.457@outlook.com,9214066504,Bengaluru,2023-03-28,Free
LRN0458,Siddharth Pillai,siddharth.pillai.458@gmail.com,9627128639,Ahmedabad,2022-09-23,Free
LRN0459,Aarav Mukherjee,aarav.mukherjee.459@hotmail.com,9064256908,Ahmedabad,2023-03-23,Basic
LRN0460,Karan Reddy,karan.reddy.460@outlook.com,9306719855,Pune,2022-02-26,Basic
LRN0461,Vijay Chatterjee,vijay.chatterjee.461@yahoo.com,9517432806,Chennai,2023-12-14,Basic
LRN0462,Sneha Shah,sneha.shah.462@rediffmail.com,9571732030,Hyderabad,2023-05-16,Basic
LRN0463,Vijay Shah,vijay.shah.463@gmail.com,9478700505,Pune,2022-05-02,Free
LRN0464,Komal Yadav,komal.yadav.464@yahoo.com,9102707903,Mumbai,2022-06-26,Basic
LRN0465,Shreya Das,shreya.das.465@rediffmail.com,9179291117,Indore,2023-09-23,Free
LRN0466,Siddharth Agarwal,siddharth.agarwal.466@gmail.com,9565198253,Lucknow,2022-06-27,Basic
LRN0467,Ananya Mishra,ananya.mishra.467@gmail.com,9262582739,Bengaluru,2022-04-13,Premium
LRN0468,Reena Srivastava,reena.srivastava.468@outlook.com,9207100219,Pune,2023-12-12,Premium
LRN0469,Neha Shah,neha.shah.469@yahoo.com,9487632909,Chandigarh,2023-05-27,Basic
LRN0470,Priya Shah,priya.shah.470@gmail.com,9456083318,Lucknow,2023-01-06,Premium
LRN0471,Varun Verma,varun.verma.471@yahoo.com,9340312772,Surat,2022-02-14,Free
LRN0472,Manish Chauhan,manish.chauhan.472@rediffmail.com,9364597010,Bengaluru,2022-06-11,Premium
LRN0473,Pooja Malhotra,pooja.malhotra.473@outlook.com,9799563531,Hyderabad,2022-04-11,Free
LRN0474,Geeta Chatterjee,geeta.chatterjee.474@yahoo.com,9363179706,Hyderabad,2023-09-17,Basic
LRN0475,Divya Verma,divya.verma.475@outlook.com,9354352090,Bengaluru,2022-04-24,Premium
LRN0476,Rahul Kapoor,rahul.kapoor.476@yahoo.com,9534929298,Delhi,2023-02-26,Premium
LRN0477,Shalini Mishra,shalini.mishra.477@yahoo.com,9063356939,Lucknow,2022-01-06,Basic
LRN0478,Aditya Gupta,aditya.gupta.478@hotmail.com,9780686717,Hyderabad,2022-03-27,Basic
LRN0479,Aarav Jain,aarav.jain.479@outlook.com,9632543107,Bengaluru,2023-12-22,Basic
LRN0480,Shalini Verma,shalini.verma.480@rediffmail.com,9262570165,Mumbai,2022-10-31,Basic
LRN0481,Ritika Jain,ritika.jain.481@outlook.com,9989319508,Mumbai,2022-04-24,Basic
LRN0482,Aditya Pandey,aditya.pandey.482@rediffmail.com,9528183253,Delhi,2023-10-27,Basic
LRN0483,Komal Chatterjee,komal.chatterjee.483@gmail.com,9335548640,Kolkata,2022-12-20,Basic
LRN0484,Sachin Iyer,sachin.iyer.484@yahoo.com,9178847951,Ahmedabad,2022-03-31,Free
LRN0485,Karan Kumar,karan.kumar.485@outlook.com,9241272380,Pune,2023-11-30,Basic
LRN0486,Ravi Agarwal,ravi.agarwal.486@hotmail.com,9704310385,Lucknow,2022-12-18,Premium
LRN0487,Amit Nair,amit.nair.487@yahoo.com,9988774924,Indore,2022-09-24,Free
LRN0488,Rohan Patel,rohan.patel.488@yahoo.com,9547292842,Bhopal,2023-12-27,Premium
LRN0489,Nisha Patel,nisha.patel.489@yahoo.com,9745238055,Kolkata,2023-04-05,Basic
LRN0490,Rahul Reddy,rahul.reddy.490@gmail.com,9410672752,Chandigarh,2023-07-14,Enterprise
LRN0491,Megha Kapoor,megha.kapoor.491@rediffmail.com,9929751702,Delhi,2022-11-12,Free
LRN0492,Ravi Singh,ravi.singh.492@gmail.com,9509398343,Delhi,2023-07-06,Premium
LRN0493,Sachin Gupta,sachin.gupta.493@outlook.com,9562656504,Kolkata,2022-11-12,Enterprise
LRN0494,Ishaan Malhotra,ishaan.malhotra.494@rediffmail.com,9767426629,Delhi,2022-05-28,Free
LRN0495,Ajay Tiwari,ajay.tiwari.495@rediffmail.com,9196106462,Ahmedabad,2023-12-29,Basic
LRN0496,Arjun Das,arjun.das.496@rediffmail.com,9648704947,Chandigarh,2023-04-20,Free
LRN0497,Aarav Patel,aarav.patel.497@gmail.com,9447146273,Delhi,2022-10-11,Basic
LRN0498,Manish Rao,manish.rao.498@gmail.com,9796471589,Bhopal,2022-09-23,Free
LRN0499,Divya Pandey,divya.pandey.499@rediffmail.com,9204565044,Surat,2022-03-20,Basic
LRN0500,Sneha Pillai,sneha.pillai.500@rediffmail.com,9285544518,Kolkata,2022-05-28,Free
